顧客ID,メニューID,来店日,お支払い額,クーポン
CS01691,P013,2021-02-01,550,なし
CS01691,P011,2021-02-01,250,なし
CS01629,P000,2021-02-01,580,なし
CS01629,P018,2021-02-01,420,なし
CS01629,P009,2021-02-01,290,なし
CS01629,P014,2021-02-01,510,なし
CS02819,P015,2021-02-01,510,なし
CS02792,P002,2021-02-01,420,なし
CS02792,P021,2021-02-01,580,なし
CS02792,P007,2021-02-01,400,なし
CS01936,P025,2021-02-01,870,なし
CS01966,P023,2021-02-01,600,なし
CS01966,P009,2021-02-01,290,なし
CS01966,P010,2021-02-01,120,クーポンA
CS00529,P013,2021-02-01,550,なし
CS00527,P014,2021-02-01,485,クーポンB
CS00527,P020,2021-02-01,550,なし
CS00388,P008,2021-02-01,410,なし
CS00388,P004,2021-02-01,380,なし
CS00388,P014,2021-02-01,510,なし
CS00388,P006,2021-02-01,360,なし
CS00388,P010,2021-02-01,220,なし
CS00388,P018,2021-02-01,420,なし
CS00388,P007,2021-02-01,400,なし
CS00727,P010,2021-02-01,220,なし
CS00727,P004,2021-02-01,380,なし
CS01456,P025,2021-02-01,870,なし
CS01748,P016,2021-02-01,250,クーポンA
CS00480,P020,2021-02-01,550,なし
CS00663,P001,2021-02-02,290,クーポンA
CS02508,P014,2021-02-02,510,なし
CS02508,P022,2021-02-02,570,なし
CS02508,P020,2021-02-02,550,なし
CS02508,P014,2021-02-02,485,クーポンB
CS02508,P021,2021-02-02,580,なし
CS02508,P022,2021-02-02,570,なし
CS01322,P010,2021-02-02,220,なし
CS01322,P006,2021-02-02,360,なし
CS01322,P024,2021-02-02,630,なし
CS01322,P021,2021-02-02,580,なし
CS01322,P016,2021-02-02,350,なし
CS01322,P024,2021-02-02,630,なし
CS01426,P008,2021-02-02,410,なし
CS01426,P015,2021-02-02,410,クーポンA
CS01426,P013,2021-02-02,550,なし
CS01426,P008,2021-02-02,410,なし
CS01426,P007,2021-02-02,400,なし
CS01426,P002,2021-02-02,399,クーポンB
CS01922,P014,2021-02-02,510,なし
CS01922,P021,2021-02-02,580,なし
CS02335,P002,2021-02-02,420,なし
CS02335,P004,2021-02-02,380,なし
CS02335,P019,2021-02-02,450,なし
CS02335,P004,2021-02-02,380,なし
CS02335,P023,2021-02-02,600,なし
CS02335,P006,2021-02-02,360,なし
CS02335,P024,2021-02-02,630,なし
CS02335,P013,2021-02-02,550,なし
CS02335,P011,2021-02-02,250,なし
CS02335,P005,2021-02-02,380,なし
CS01450,P003,2021-02-02,380,なし
CS01482,P013,2021-02-02,450,クーポンA
CS01482,P016,2021-02-02,350,なし
CS01482,P018,2021-02-02,420,なし
CS01482,P019,2021-02-02,450,なし
CS01482,P002,2021-02-02,399,クーポンB
CS01482,P020,2021-02-02,523,クーポンB
CS01482,P013,2021-02-02,550,なし
CS01482,P002,2021-02-02,420,なし
CS02067,P014,2021-02-02,510,なし
CS01557,P022,2021-02-02,570,なし
CS00726,P011,2021-02-03,250,なし
CS00726,P002,2021-02-03,420,なし
CS00726,P007,2021-02-03,400,なし
CS00726,P021,2021-02-03,580,なし
CS00350,P000,2021-02-03,580,なし
CS00350,P008,2021-02-03,410,なし
CS00350,P012,2021-02-03,520,なし
CS00350,P013,2021-02-03,550,なし
CS00350,P009,2021-02-03,190,クーポンA
CS00350,P016,2021-02-03,350,なし
CS00350,P016,2021-02-03,350,なし
CS00350,P023,2021-02-03,600,なし
CS00350,P010,2021-02-03,220,なし
CS00350,P017,2021-02-03,380,なし
CS00350,P000,2021-02-03,480,クーポンA
CS00350,P008,2021-02-03,410,なし
CS00350,P009,2021-02-03,290,なし
CS00350,P011,2021-02-03,250,なし
CS00350,P012,2021-02-03,520,なし
CS00350,P005,2021-02-03,380,なし
CS00350,P024,2021-02-03,630,なし
CS00350,P010,2021-02-03,120,クーポンA
CS00350,P017,2021-02-03,380,なし
CS00350,P019,2021-02-03,450,なし
CS00350,P003,2021-02-03,380,なし
CS00350,P025,2021-02-03,870,なし
CS00350,P011,2021-02-03,250,なし
CS00350,P023,2021-02-03,600,なし
CS00350,P020,2021-02-03,550,なし
CS00350,P003,2021-02-03,380,なし
CS00350,P015,2021-02-03,510,なし
CS00350,P002,2021-02-03,420,なし
CS00350,P009,2021-02-03,290,なし
CS00350,P011,2021-02-03,250,なし
CS00350,P014,2021-02-03,510,なし
CS00350,P016,2021-02-03,350,なし
CS00350,P016,2021-02-03,350,なし
CS00350,P011,2021-02-03,250,なし
CS00350,P009,2021-02-03,290,なし
CS00350,P011,2021-02-03,238,クーポンB
CS00350,P019,2021-02-03,450,なし
CS00350,P004,2021-02-03,380,なし
CS00350,P011,2021-02-03,250,なし
CS00350,P021,2021-02-03,580,なし
CS00290,P003,2021-02-03,380,なし
CS00290,P024,2021-02-03,630,なし
CS00290,P005,2021-02-03,380,なし
CS00290,P006,2021-02-03,360,なし
CS00290,P002,2021-02-03,399,クーポンB
CS00290,P011,2021-02-03,150,クーポンA
CS00290,P021,2021-02-03,580,なし
CS00290,P021,2021-02-03,580,なし
CS00290,P012,2021-02-03,520,なし
CS01951,P013,2021-02-03,523,クーポンB
CS02201,P013,2021-02-03,550,なし
CS00914,P010,2021-02-03,220,なし
CS00914,P009,2021-02-03,290,なし
CS00914,P021,2021-02-03,580,なし
CS02715,P003,2021-02-03,380,なし
CS00480,P020,2021-02-03,550,なし
CS00350,P017,2021-02-03,380,なし
CS00350,P021,2021-02-03,580,なし
CS01651,P003,2021-02-03,380,なし
CS01565,P020,2021-02-03,550,なし
CS01565,P002,2021-02-03,420,なし
CS02307,P000,2021-02-03,580,なし
CS02307,P020,2021-02-03,550,なし
CS01896,P016,2021-02-03,250,クーポンA
CS01896,P018,2021-02-03,420,なし
CS00339,P022,2021-02-04,570,なし
CS00339,P012,2021-02-04,520,なし
CS02188,P018,2021-02-04,420,なし
CS02188,P000,2021-02-04,580,なし
CS02188,P006,2021-02-04,360,なし
CS02188,P002,2021-02-04,420,なし
CS02188,P022,2021-02-04,570,なし
CS02188,P025,2021-02-04,870,なし
CS02188,P023,2021-02-04,600,なし
CS02188,P025,2021-02-04,870,なし
CS02188,P008,2021-02-04,410,なし
CS02550,P013,2021-02-04,550,なし
CS02057,P022,2021-02-04,570,なし
CS02057,P007,2021-02-04,400,なし
CS02270,P009,2021-02-04,290,なし
CS02270,P005,2021-02-04,380,なし
CS02270,P022,2021-02-04,570,なし
CS00104,P008,2021-02-04,410,なし
CS00104,P007,2021-02-04,400,なし
CS00104,P003,2021-02-04,380,なし
CS00104,P007,2021-02-04,400,なし
CS00104,P009,2021-02-04,290,なし
CS00842,P014,2021-02-04,510,なし
CS02536,P011,2021-02-04,250,なし
CS02437,P025,2021-02-05,870,なし
CS02437,P014,2021-02-05,510,なし
CS02437,P024,2021-02-05,630,なし
CS02437,P020,2021-02-05,550,なし
CS02437,P016,2021-02-05,350,なし
CS02339,P025,2021-02-05,870,なし
CS00428,P013,2021-02-05,450,クーポンA
CS00428,P021,2021-02-05,580,なし
CS00428,P006,2021-02-05,360,なし
CS00428,P016,2021-02-05,350,なし
CS00428,P021,2021-02-05,580,なし
CS00428,P013,2021-02-05,550,なし
CS00428,P019,2021-02-05,450,なし
CS00428,P012,2021-02-05,520,なし
CS00428,P021,2021-02-05,580,なし
CS00428,P008,2021-02-05,410,なし
CS00428,P018,2021-02-05,420,なし
CS02253,P006,2021-02-05,360,なし
CS02253,P015,2021-02-05,510,なし
CS02253,P019,2021-02-05,428,クーポンB
CS02783,P013,2021-02-05,550,なし
CS01538,P006,2021-02-05,360,なし
CS00970,P017,2021-02-05,380,なし
CS00970,P003,2021-02-05,380,なし
CS02736,P023,2021-02-05,600,なし
CS02736,P012,2021-02-05,520,なし
CS02736,P020,2021-02-05,550,なし
CS02736,P016,2021-02-05,350,なし
CS02736,P023,2021-02-05,600,なし
CS02736,P022,2021-02-05,570,なし
CS02736,P010,2021-02-05,220,なし
CS02736,P019,2021-02-05,450,なし
CS02736,P025,2021-02-05,870,なし
CS02736,P014,2021-02-05,510,なし
CS02736,P002,2021-02-05,420,なし
CS02736,P006,2021-02-05,360,なし
CS02736,P009,2021-02-05,290,なし
CS02736,P003,2021-02-05,380,なし
CS02736,P014,2021-02-05,510,なし
CS02736,P023,2021-02-05,600,なし
CS02736,P014,2021-02-05,510,なし
CS02736,P019,2021-02-05,450,なし
CS02736,P006,2021-02-05,360,なし
CS02780,P024,2021-02-05,630,なし
CS02780,P008,2021-02-05,410,なし
CS02780,P017,2021-02-05,380,なし
CS00390,P005,2021-02-05,380,なし
CS02892,P015,2021-02-05,510,なし
CS02892,P007,2021-02-05,400,なし
CS01995,P008,2021-02-06,410,なし
CS01995,P025,2021-02-06,870,なし
CS00249,P025,2021-02-06,870,なし
CS00249,P008,2021-02-06,410,なし
CS02378,P013,2021-02-06,450,クーポンA
CS02378,P001,2021-02-06,390,なし
CS02378,P007,2021-02-06,400,なし
CS02378,P024,2021-02-06,630,なし
CS02378,P016,2021-02-06,350,なし
CS02378,P011,2021-02-06,250,なし
CS02378,P021,2021-02-06,580,なし
CS02378,P022,2021-02-06,570,なし
CS02378,P005,2021-02-06,380,なし
CS02378,P013,2021-02-06,550,なし
CS02378,P000,2021-02-06,580,なし
CS02378,P015,2021-02-06,510,なし
CS02378,P004,2021-02-06,380,なし
CS02378,P015,2021-02-06,510,なし
CS02378,P011,2021-02-06,250,なし
CS02378,P020,2021-02-06,550,なし
CS02378,P021,2021-02-06,580,なし
CS02378,P009,2021-02-06,290,なし
CS01771,P015,2021-02-06,510,なし
CS00578,P014,2021-02-06,510,なし
CS01389,P020,2021-02-06,550,なし
CS01389,P004,2021-02-06,380,なし
CS01389,P002,2021-02-06,420,なし
CS01389,P013,2021-02-06,550,なし
CS02381,P017,2021-02-06,380,なし
CS01264,P009,2021-02-06,290,なし
CS01264,P017,2021-02-06,280,クーポンA
CS01264,P016,2021-02-06,350,なし
CS01264,P013,2021-02-06,550,なし
CS01264,P024,2021-02-06,630,なし
CS01264,P016,2021-02-06,350,なし
CS01264,P005,2021-02-06,380,なし
CS01264,P014,2021-02-06,510,なし
CS01264,P012,2021-02-06,520,なし
CS01264,P022,2021-02-06,570,なし
CS01264,P002,2021-02-06,420,なし
CS01264,P007,2021-02-06,400,なし
CS01264,P004,2021-02-06,380,なし
CS01264,P016,2021-02-06,350,なし
CS01264,P011,2021-02-06,250,なし
CS01264,P007,2021-02-06,400,なし
CS00522,P018,2021-02-06,420,なし
CS00522,P008,2021-02-06,410,なし
CS02873,P007,2021-02-06,400,なし
CS00122,P008,2021-02-06,410,なし
CS00122,P006,2021-02-06,342,クーポンB
CS00942,P011,2021-02-06,250,なし
CS02422,P012,2021-02-06,520,なし
CS02422,P021,2021-02-06,580,なし
CS01997,P008,2021-02-06,410,なし
CS01997,P008,2021-02-06,390,クーポンB
CS01997,P007,2021-02-06,400,なし
CS01862,P017,2021-02-06,380,なし
CS01862,P011,2021-02-06,250,なし
CS02246,P000,2021-02-06,580,なし
CS02246,P014,2021-02-06,485,クーポンB
CS00896,P024,2021-02-06,630,なし
CS01211,P023,2021-02-06,600,なし
CS01211,P007,2021-02-06,400,なし
CS01211,P001,2021-02-06,390,なし
CS01211,P015,2021-02-06,510,なし
CS00747,P003,2021-02-07,380,なし
CS00747,P024,2021-02-07,630,なし
CS00747,P009,2021-02-07,290,なし
CS01135,P007,2021-02-07,400,なし
CS01135,P001,2021-02-07,290,クーポンA
CS01135,P004,2021-02-07,280,クーポンA
CS01135,P001,2021-02-07,390,なし
CS00281,P017,2021-02-07,380,なし
CS00281,P009,2021-02-07,290,なし
CS00281,P015,2021-02-07,510,なし
CS00281,P017,2021-02-07,380,なし
CS01953,P021,2021-02-07,580,なし
CS01953,P020,2021-02-07,550,なし
CS01953,P015,2021-02-07,510,なし
CS02981,P003,2021-02-07,380,なし
CS02981,P025,2021-02-07,870,なし
CS02981,P015,2021-02-07,485,クーポンB
CS02981,P003,2021-02-07,380,なし
CS02981,P010,2021-02-07,220,なし
CS02886,P018,2021-02-07,399,クーポンB
CS02886,P021,2021-02-07,580,なし
CS02501,P014,2021-02-07,510,なし
CS02501,P016,2021-02-07,350,なし
CS02501,P013,2021-02-07,450,クーポンA
CS02536,P010,2021-02-07,220,なし
CS02536,P006,2021-02-07,360,なし
CS02536,P015,2021-02-07,510,なし
CS02536,P015,2021-02-07,510,なし
CS02536,P007,2021-02-07,400,なし
CS02536,P025,2021-02-07,870,なし
CS02536,P006,2021-02-07,360,なし
CS02536,P009,2021-02-07,290,なし
CS02536,P016,2021-02-07,350,なし
CS01988,P001,2021-02-07,390,なし
CS01988,P013,2021-02-07,550,なし
CS01988,P006,2021-02-07,260,クーポンA
CS01775,P012,2021-02-07,520,なし
CS01775,P013,2021-02-07,550,なし
CS00475,P000,2021-02-07,580,なし
CS00475,P024,2021-02-07,630,なし
CS00475,P005,2021-02-07,380,なし
CS00362,P024,2021-02-07,630,なし
CS00362,P001,2021-02-07,390,なし
CS00362,P008,2021-02-07,410,なし
CS00362,P000,2021-02-07,580,なし
CS00529,P025,2021-02-07,827,クーポンB
CS00529,P012,2021-02-07,520,なし
CS00529,P002,2021-02-07,420,なし
CS00529,P017,2021-02-07,361,クーポンB
CS00477,P012,2021-02-07,520,なし
CS02016,P005,2021-02-07,380,なし
CS02016,P009,2021-02-07,290,なし
CS02016,P011,2021-02-07,250,なし
CS02407,P005,2021-02-07,380,なし
CS02407,P022,2021-02-07,570,なし
CS02365,P015,2021-02-07,485,クーポンB
CS00281,P013,2021-02-07,550,なし
CS01234,P000,2021-02-08,551,クーポンB
CS01234,P001,2021-02-08,390,なし
CS01234,P014,2021-02-08,510,なし
CS01234,P017,2021-02-08,380,なし
CS01686,P025,2021-02-08,870,なし
CS01686,P015,2021-02-08,510,なし
CS01686,P018,2021-02-08,420,なし
CS01686,P004,2021-02-08,380,なし
CS01686,P018,2021-02-08,420,なし
CS01686,P006,2021-02-08,360,なし
CS01686,P012,2021-02-08,520,なし
CS01686,P001,2021-02-08,390,なし
CS01686,P012,2021-02-08,520,なし
CS01686,P007,2021-02-08,400,なし
CS02485,P014,2021-02-08,510,なし
CS02485,P025,2021-02-08,870,なし
CS02811,P024,2021-02-08,630,なし
CS00657,P006,2021-02-08,360,なし
CS01419,P021,2021-02-09,580,なし
CS01419,P013,2021-02-09,550,なし
CS01142,P024,2021-02-09,630,なし
CS01142,P001,2021-02-09,290,クーポンA
CS01142,P020,2021-02-09,523,クーポンB
CS01142,P002,2021-02-09,420,なし
CS01142,P014,2021-02-09,510,なし
CS01142,P008,2021-02-09,410,なし
CS01142,P008,2021-02-09,410,なし
CS01142,P013,2021-02-09,550,なし
CS01142,P003,2021-02-09,380,なし
CS01142,P018,2021-02-09,420,なし
CS01142,P010,2021-02-09,209,クーポンB
CS01142,P022,2021-02-09,570,なし
CS01142,P006,2021-02-09,360,なし
CS01142,P021,2021-02-09,551,クーポンB
CS01142,P018,2021-02-09,420,なし
CS01142,P006,2021-02-09,360,なし
CS01142,P006,2021-02-09,360,なし
CS00977,P003,2021-02-09,380,なし
CS00977,P014,2021-02-09,510,なし
CS00977,P006,2021-02-09,360,なし
CS00977,P008,2021-02-09,410,なし
CS00977,P018,2021-02-09,320,クーポンA
CS00977,P019,2021-02-09,450,なし
CS00977,P008,2021-02-09,410,なし
CS00590,P005,2021-02-09,380,なし
CS00590,P000,2021-02-09,580,なし
CS00590,P020,2021-02-09,450,クーポンA
CS00590,P002,2021-02-09,420,なし
CS00590,P015,2021-02-09,510,なし
CS00590,P002,2021-02-09,420,なし
CS00590,P011,2021-02-09,250,なし
CS00356,P005,2021-02-09,361,クーポンB
CS00356,P015,2021-02-09,510,なし
CS00356,P023,2021-02-09,600,なし
CS00356,P010,2021-02-09,220,なし
CS00356,P001,2021-02-09,390,なし
CS00356,P011,2021-02-09,250,なし
CS00356,P007,2021-02-09,400,なし
CS01442,P025,2021-02-09,870,なし
CS01442,P018,2021-02-09,420,なし
CS01442,P010,2021-02-09,220,なし
CS01442,P004,2021-02-09,380,なし
CS00733,P021,2021-02-09,580,なし
CS00005,P008,2021-02-09,410,なし
CS00005,P025,2021-02-09,870,なし
CS00005,P018,2021-02-09,420,なし
CS00005,P009,2021-02-09,290,なし
CS02666,P022,2021-02-09,570,なし
CS01221,P017,2021-02-09,361,クーポンB
CS01221,P017,2021-02-09,380,なし
CS01221,P018,2021-02-09,420,なし
CS01221,P020,2021-02-09,550,なし
CS01221,P010,2021-02-09,220,なし
CS01221,P019,2021-02-09,450,なし
CS01221,P024,2021-02-09,630,なし
CS01221,P015,2021-02-09,510,なし
CS01221,P011,2021-02-09,250,なし
CS01221,P011,2021-02-09,150,クーポンA
CS01184,P002,2021-02-09,420,なし
CS01184,P006,2021-02-09,360,なし
CS01184,P017,2021-02-09,380,なし
CS01184,P025,2021-02-09,870,なし
CS01184,P005,2021-02-09,380,なし
CS01184,P005,2021-02-09,380,なし
CS01184,P021,2021-02-09,480,クーポンA
CS01184,P009,2021-02-09,190,クーポンA
CS01184,P008,2021-02-09,410,なし
CS01184,P003,2021-02-09,380,なし
CS01184,P009,2021-02-09,290,なし
CS01184,P011,2021-02-09,250,なし
CS01184,P000,2021-02-09,580,なし
CS00555,P010,2021-02-09,220,なし
CS00555,P013,2021-02-09,550,なし
CS00555,P023,2021-02-09,600,なし
CS01201,P016,2021-02-09,350,なし
CS01201,P019,2021-02-09,450,なし
CS01450,P021,2021-02-09,580,なし
CS02523,P024,2021-02-09,630,なし
CS00404,P003,2021-02-09,380,なし
CS00404,P008,2021-02-09,410,なし
CS00404,P015,2021-02-09,510,なし
CS00404,P016,2021-02-09,350,なし
CS00404,P023,2021-02-09,600,なし
CS00404,P021,2021-02-09,580,なし
CS02959,P015,2021-02-10,510,なし
CS01724,P025,2021-02-10,870,なし
CS02487,P011,2021-02-10,250,なし
CS02487,P025,2021-02-10,870,なし
CS02839,P020,2021-02-10,550,なし
CS02839,P008,2021-02-10,410,なし
CS02839,P024,2021-02-10,630,なし
CS02839,P023,2021-02-10,600,なし
CS02839,P000,2021-02-10,580,なし
CS02839,P024,2021-02-10,630,なし
CS00479,P000,2021-02-10,580,なし
CS02629,P020,2021-02-10,450,クーポンA
CS02629,P000,2021-02-10,580,なし
CS02629,P015,2021-02-10,510,なし
CS02629,P000,2021-02-10,580,なし
CS02325,P011,2021-02-10,250,なし
CS00956,P009,2021-02-11,290,なし
CS02289,P002,2021-02-11,420,なし
CS02289,P021,2021-02-11,580,なし
CS02289,P025,2021-02-11,870,なし
CS01211,P000,2021-02-11,480,クーポンA
CS02014,P019,2021-02-11,450,なし
CS01071,P002,2021-02-11,420,なし
CS01071,P012,2021-02-11,520,なし
CS01071,P021,2021-02-11,580,なし
CS01071,P021,2021-02-11,580,なし
CS01071,P015,2021-02-11,510,なし
CS01071,P019,2021-02-11,450,なし
CS01071,P004,2021-02-11,380,なし
CS01071,P010,2021-02-11,220,なし
CS01472,P002,2021-02-12,420,なし
CS02865,P018,2021-02-12,420,なし
CS02865,P007,2021-02-12,400,なし
CS02865,P023,2021-02-12,570,クーポンB
CS01988,P006,2021-02-12,360,なし
CS01988,P014,2021-02-12,510,なし
CS01988,P020,2021-02-12,550,なし
CS01988,P020,2021-02-12,550,なし
CS02436,P017,2021-02-12,380,なし
CS01950,P013,2021-02-12,550,なし
CS01950,P001,2021-02-12,390,なし
CS01205,P012,2021-02-12,520,なし
CS01205,P000,2021-02-12,580,なし
CS01205,P015,2021-02-12,510,なし
CS01062,P023,2021-02-12,600,なし
CS02000,P007,2021-02-12,400,なし
CS02000,P020,2021-02-12,550,なし
CS02000,P024,2021-02-12,630,なし
CS02000,P007,2021-02-12,400,なし
CS02000,P022,2021-02-12,570,なし
CS02000,P009,2021-02-12,290,なし
CS02000,P006,2021-02-12,342,クーポンB
CS02000,P019,2021-02-12,450,なし
CS02000,P021,2021-02-12,580,なし
CS02000,P001,2021-02-12,390,なし
CS01871,P006,2021-02-13,360,なし
CS01267,P014,2021-02-13,510,なし
CS01267,P014,2021-02-13,510,なし
CS01711,P000,2021-02-13,580,なし
CS00280,P021,2021-02-13,580,なし
CS00280,P008,2021-02-13,310,クーポンA
CS02149,P000,2021-02-13,580,なし
CS01485,P001,2021-02-13,390,なし
CS00025,P000,2021-02-13,580,なし
CS00025,P019,2021-02-13,450,なし
CS00025,P013,2021-02-13,550,なし
CS00287,P006,2021-02-13,360,なし
CS00287,P008,2021-02-13,410,なし
CS00287,P009,2021-02-13,290,なし
CS00733,P004,2021-02-14,380,なし
CS00733,P025,2021-02-14,870,なし
CS00733,P002,2021-02-14,420,なし
CS00733,P024,2021-02-14,630,なし
CS00733,P007,2021-02-14,400,なし
CS00733,P000,2021-02-14,580,なし
CS00733,P007,2021-02-14,300,クーポンA
CS00733,P019,2021-02-14,450,なし
CS00733,P001,2021-02-14,390,なし
CS00733,P010,2021-02-14,209,クーポンB
CS00733,P025,2021-02-14,870,なし
CS00733,P009,2021-02-14,290,なし
CS01713,P015,2021-02-14,510,なし
CS01713,P015,2021-02-14,510,なし
CS01192,P025,2021-02-14,870,なし
CS01192,P000,2021-02-14,580,なし
CS01192,P003,2021-02-14,380,なし
CS01192,P016,2021-02-14,350,なし
CS01192,P000,2021-02-14,580,なし
CS01192,P010,2021-02-14,209,クーポンB
CS01192,P010,2021-02-14,220,なし
CS01192,P020,2021-02-14,550,なし
CS01192,P015,2021-02-14,510,なし
CS00259,P021,2021-02-14,480,クーポンA
CS01584,P014,2021-02-14,510,なし
CS01584,P019,2021-02-14,450,なし
CS01584,P009,2021-02-14,290,なし
CS01584,P025,2021-02-14,870,なし
CS01584,P014,2021-02-14,510,なし
CS01584,P014,2021-02-14,485,クーポンB
CS01584,P007,2021-02-14,300,クーポンA
CS01584,P019,2021-02-14,450,なし
CS01717,P011,2021-02-14,250,なし
CS01717,P010,2021-02-14,120,クーポンA
CS01717,P011,2021-02-14,250,なし
CS01717,P005,2021-02-14,380,なし
CS01717,P012,2021-02-14,520,なし
CS01717,P007,2021-02-14,400,なし
CS01717,P014,2021-02-14,510,なし
CS01717,P021,2021-02-14,580,なし
CS01717,P008,2021-02-14,410,なし
CS01717,P011,2021-02-14,250,なし
CS01717,P022,2021-02-14,570,なし
CS01717,P007,2021-02-14,400,なし
CS01717,P003,2021-02-14,380,なし
CS01717,P022,2021-02-14,570,なし
CS01717,P001,2021-02-14,390,なし
CS01717,P015,2021-02-14,510,なし
CS01717,P010,2021-02-14,220,なし
CS01077,P015,2021-02-14,510,なし
CS01077,P009,2021-02-14,290,なし
CS02819,P023,2021-02-14,600,なし
CS02819,P004,2021-02-14,361,クーポンB
CS02819,P009,2021-02-14,290,なし
CS02630,P022,2021-02-14,570,なし
CS02630,P014,2021-02-14,510,なし
CS01259,P011,2021-02-14,250,なし
CS01641,P001,2021-02-14,371,クーポンB
CS01641,P020,2021-02-14,450,クーポンA
CS01641,P008,2021-02-14,410,なし
CS01641,P023,2021-02-14,600,なし
CS02463,P013,2021-02-15,550,なし
CS02463,P018,2021-02-15,420,なし
CS02463,P020,2021-02-15,550,なし
CS02463,P019,2021-02-15,428,クーポンB
CS02463,P022,2021-02-15,570,なし
CS02463,P001,2021-02-15,390,なし
CS02463,P013,2021-02-15,550,なし
CS02463,P008,2021-02-15,410,なし
CS02463,P008,2021-02-15,410,なし
CS02463,P008,2021-02-15,410,なし
CS02463,P011,2021-02-15,250,なし
CS02463,P009,2021-02-15,290,なし
CS02463,P010,2021-02-15,220,なし
CS02463,P005,2021-02-15,380,なし
CS02463,P024,2021-02-15,630,なし
CS02463,P023,2021-02-15,600,なし
CS02463,P022,2021-02-15,570,なし
CS02463,P020,2021-02-15,550,なし
CS02463,P013,2021-02-15,550,なし
CS02463,P025,2021-02-15,870,なし
CS02463,P001,2021-02-15,390,なし
CS02463,P002,2021-02-15,420,なし
CS02463,P014,2021-02-15,510,なし
CS02463,P002,2021-02-15,420,なし
CS02463,P003,2021-02-15,380,なし
CS02463,P002,2021-02-15,420,なし
CS02463,P022,2021-02-15,570,なし
CS02463,P012,2021-02-15,520,なし
CS02463,P019,2021-02-15,428,クーポンB
CS02463,P021,2021-02-15,580,なし
CS02463,P007,2021-02-15,400,なし
CS02463,P023,2021-02-15,600,なし
CS02463,P016,2021-02-15,350,なし
CS02463,P006,2021-02-15,360,なし
CS02947,P017,2021-02-15,361,クーポンB
CS02501,P022,2021-02-15,570,なし
CS02501,P013,2021-02-15,550,なし
CS02501,P000,2021-02-15,580,なし
CS02501,P010,2021-02-15,220,なし
CS02501,P002,2021-02-15,420,なし
CS02501,P014,2021-02-15,510,なし
CS02501,P006,2021-02-15,360,なし
CS02501,P019,2021-02-15,450,なし
CS02501,P019,2021-02-15,450,なし
CS02501,P012,2021-02-15,520,なし
CS02501,P002,2021-02-15,420,なし
CS02501,P009,2021-02-15,290,なし
CS02501,P022,2021-02-15,570,なし
CS02501,P005,2021-02-15,380,なし
CS02501,P017,2021-02-15,380,なし
CS02501,P018,2021-02-15,320,クーポンA
CS02501,P009,2021-02-15,290,なし
CS02501,P016,2021-02-15,350,なし
CS02501,P005,2021-02-15,380,なし
CS02501,P005,2021-02-15,380,なし
CS00755,P018,2021-02-15,420,なし
CS00755,P003,2021-02-15,380,なし
CS00755,P021,2021-02-15,580,なし
CS00755,P016,2021-02-15,350,なし
CS00755,P022,2021-02-15,570,なし
CS00755,P012,2021-02-15,520,なし
CS00755,P017,2021-02-15,380,なし
CS00755,P020,2021-02-15,550,なし
CS00755,P017,2021-02-15,380,なし
CS00755,P024,2021-02-15,630,なし
CS02187,P000,2021-02-15,580,なし
CS02187,P024,2021-02-15,630,なし
CS02187,P016,2021-02-15,350,なし
CS02187,P008,2021-02-15,410,なし
CS02187,P009,2021-02-15,290,なし
CS00409,P017,2021-02-15,380,なし
CS00409,P001,2021-02-15,290,クーポンA
CS00409,P011,2021-02-15,250,なし
CS00409,P011,2021-02-15,250,なし
CS00409,P019,2021-02-15,450,なし
CS00409,P014,2021-02-15,510,なし
CS00409,P005,2021-02-15,380,なし
CS00409,P005,2021-02-15,361,クーポンB
CS00409,P008,2021-02-15,410,なし
CS00409,P006,2021-02-15,260,クーポンA
CS00409,P024,2021-02-15,630,なし
CS00409,P002,2021-02-15,420,なし
CS00409,P012,2021-02-15,520,なし
CS00409,P013,2021-02-15,450,クーポンA
CS00409,P004,2021-02-15,380,なし
CS00409,P020,2021-02-15,550,なし
CS00409,P008,2021-02-15,410,なし
CS00409,P012,2021-02-15,520,なし
CS00409,P001,2021-02-15,390,なし
CS00409,P023,2021-02-15,600,なし
CS00477,P023,2021-02-16,600,なし
CS00477,P017,2021-02-16,380,なし
CS00477,P016,2021-02-16,350,なし
CS00065,P012,2021-02-16,520,なし
CS01712,P013,2021-02-16,550,なし
CS01223,P023,2021-02-16,600,なし
CS01223,P007,2021-02-16,300,クーポンA
CS01223,P007,2021-02-16,400,なし
CS01223,P013,2021-02-16,550,なし
CS00830,P007,2021-02-16,400,なし
CS00830,P016,2021-02-16,350,なし
CS00830,P016,2021-02-16,350,なし
CS00333,P022,2021-02-16,570,なし
CS00333,P015,2021-02-16,485,クーポンB
CS00333,P007,2021-02-16,400,なし
CS00333,P025,2021-02-16,870,なし
CS00333,P018,2021-02-16,420,なし
CS00333,P002,2021-02-16,320,クーポンA
CS00333,P007,2021-02-16,400,なし
CS01269,P012,2021-02-16,520,なし
CS01269,P001,2021-02-16,390,なし
CS01269,P018,2021-02-16,420,なし
CS01269,P007,2021-02-16,400,なし
CS01269,P008,2021-02-16,410,なし
CS01269,P013,2021-02-16,550,なし
CS01269,P014,2021-02-16,510,なし
CS01269,P019,2021-02-16,450,なし
CS00579,P015,2021-02-16,510,なし
CS00579,P014,2021-02-16,510,なし
CS00579,P002,2021-02-16,420,なし
CS00579,P008,2021-02-16,390,クーポンB
CS00579,P013,2021-02-16,550,なし
CS02184,P003,2021-02-16,380,なし
CS00751,P006,2021-02-16,360,なし
CS00751,P012,2021-02-16,520,なし
CS00751,P024,2021-02-16,630,なし
CS00751,P020,2021-02-16,550,なし
CS00538,P007,2021-02-17,400,なし
CS02224,P005,2021-02-17,380,なし
CS02224,P013,2021-02-17,550,なし
CS02224,P020,2021-02-17,550,なし
CS02224,P005,2021-02-17,361,クーポンB
CS02224,P009,2021-02-17,290,なし
CS02224,P010,2021-02-17,220,なし
CS02224,P024,2021-02-17,630,なし
CS02224,P004,2021-02-17,380,なし
CS02224,P023,2021-02-17,600,なし
CS02224,P004,2021-02-17,380,なし
CS02224,P004,2021-02-17,380,なし
CS02224,P007,2021-02-17,400,なし
CS02224,P010,2021-02-17,220,なし
CS02224,P017,2021-02-17,380,なし
CS02224,P008,2021-02-17,410,なし
CS02224,P007,2021-02-17,380,クーポンB
CS02224,P007,2021-02-17,400,なし
CS02224,P005,2021-02-17,280,クーポンA
CS02224,P019,2021-02-17,450,なし
CS02224,P006,2021-02-17,360,なし
CS02224,P005,2021-02-17,380,なし
CS02558,P023,2021-02-17,600,なし
CS02465,P025,2021-02-17,870,なし
CS02465,P010,2021-02-17,209,クーポンB
CS02465,P012,2021-02-17,520,なし
CS01362,P018,2021-02-17,420,なし
CS01362,P007,2021-02-17,400,なし
CS00775,P022,2021-02-17,570,なし
CS01471,P015,2021-02-17,510,なし
CS00356,P004,2021-02-18,380,なし
CS01623,P010,2021-02-18,220,なし
CS01623,P025,2021-02-18,827,クーポンB
CS01623,P001,2021-02-18,390,なし
CS01623,P022,2021-02-18,570,なし
CS01623,P012,2021-02-18,494,クーポンB
CS01623,P019,2021-02-18,450,なし
CS01623,P024,2021-02-18,630,なし
CS01623,P015,2021-02-18,510,なし
CS01947,P015,2021-02-18,510,なし
CS01947,P018,2021-02-18,420,なし
CS01947,P014,2021-02-18,510,なし
CS00004,P018,2021-02-18,420,なし
CS02080,P009,2021-02-18,290,なし
CS02080,P010,2021-02-18,220,なし
CS02080,P005,2021-02-18,380,なし
CS01471,P007,2021-02-18,400,なし
CS01471,P025,2021-02-18,870,なし
CS01471,P011,2021-02-18,250,なし
CS01471,P016,2021-02-18,350,なし
CS01471,P020,2021-02-18,523,クーポンB
CS02263,P009,2021-02-18,276,クーポンB
CS02263,P025,2021-02-18,870,なし
CS02263,P000,2021-02-18,580,なし
CS01473,P002,2021-02-18,420,なし
CS01473,P021,2021-02-18,580,なし
CS01473,P010,2021-02-18,120,クーポンA
CS02865,P015,2021-02-18,510,なし
CS02865,P013,2021-02-18,550,なし
CS01473,P006,2021-02-18,360,なし
CS01473,P014,2021-02-18,510,なし
CS01473,P013,2021-02-18,550,なし
CS01473,P002,2021-02-18,420,なし
CS01473,P000,2021-02-18,580,なし
CS02217,P019,2021-02-18,450,なし
CS02217,P024,2021-02-18,630,なし
CS02217,P011,2021-02-18,250,なし
CS02217,P001,2021-02-18,390,なし
CS02217,P005,2021-02-18,380,なし
CS02140,P001,2021-02-18,390,なし
CS02855,P010,2021-02-18,220,なし
CS02855,P022,2021-02-18,570,なし
CS02855,P022,2021-02-18,570,なし
CS02855,P004,2021-02-18,361,クーポンB
CS02855,P022,2021-02-18,570,なし
CS02855,P023,2021-02-18,600,なし
CS02855,P018,2021-02-18,420,なし
CS02855,P024,2021-02-18,630,なし
CS02855,P015,2021-02-18,510,なし
CS02855,P023,2021-02-18,600,なし
CS02855,P015,2021-02-18,510,なし
CS02855,P020,2021-02-18,550,なし
CS02855,P021,2021-02-18,580,なし
CS02855,P024,2021-02-18,630,なし
CS02855,P007,2021-02-18,400,なし
CS02855,P006,2021-02-18,360,なし
CS02855,P009,2021-02-18,190,クーポンA
CS02080,P007,2021-02-19,400,なし
CS01717,P024,2021-02-19,630,なし
CS01717,P025,2021-02-19,870,なし
CS01657,P011,2021-02-19,250,なし
CS01657,P003,2021-02-19,380,なし
CS01657,P018,2021-02-19,420,なし
CS01657,P002,2021-02-19,420,なし
CS01657,P020,2021-02-19,550,なし
CS01657,P019,2021-02-19,450,なし
CS01657,P008,2021-02-19,410,なし
CS01657,P015,2021-02-19,410,クーポンA
CS01657,P019,2021-02-19,450,なし
CS01657,P016,2021-02-19,350,なし
CS01657,P016,2021-02-19,350,なし
CS01657,P011,2021-02-19,250,なし
CS01657,P003,2021-02-19,380,なし
CS00112,P015,2021-02-19,510,なし
CS00112,P022,2021-02-19,570,なし
CS00034,P018,2021-02-19,420,なし
CS00205,P000,2021-02-20,580,なし
CS02645,P011,2021-02-20,250,なし
CS02645,P002,2021-02-20,420,なし
CS02645,P004,2021-02-20,380,なし
CS02645,P007,2021-02-20,400,なし
CS02645,P025,2021-02-20,870,なし
CS02645,P005,2021-02-20,380,なし
CS02645,P023,2021-02-20,600,なし
CS02645,P015,2021-02-20,510,なし
CS02645,P022,2021-02-20,570,なし
CS02645,P008,2021-02-20,410,なし
CS02645,P022,2021-02-20,570,なし
CS02645,P004,2021-02-20,380,なし
CS02645,P004,2021-02-20,380,なし
CS02645,P024,2021-02-20,630,なし
CS02645,P021,2021-02-20,580,なし
CS02645,P010,2021-02-20,220,なし
CS02645,P020,2021-02-20,550,なし
CS02645,P017,2021-02-20,380,なし
CS02645,P013,2021-02-20,550,なし
CS02645,P017,2021-02-20,380,なし
CS02645,P023,2021-02-20,600,なし
CS02645,P003,2021-02-20,380,なし
CS02645,P001,2021-02-20,390,なし
CS02645,P007,2021-02-20,400,なし
CS02645,P025,2021-02-20,870,なし
CS02645,P023,2021-02-20,600,なし
CS02645,P020,2021-02-20,550,なし
CS02645,P006,2021-02-20,360,なし
CS02645,P006,2021-02-20,360,なし
CS02645,P007,2021-02-20,400,なし
CS02645,P003,2021-02-20,380,なし
CS02645,P018,2021-02-20,420,なし
CS02645,P010,2021-02-20,220,なし
CS02645,P019,2021-02-20,450,なし
CS02645,P025,2021-02-20,870,なし
CS02645,P017,2021-02-20,380,なし
CS02645,P025,2021-02-20,870,なし
CS02645,P025,2021-02-20,870,なし
CS02645,P024,2021-02-20,630,なし
CS02645,P002,2021-02-20,420,なし
CS02645,P004,2021-02-20,380,なし
CS02645,P007,2021-02-20,400,なし
CS02645,P014,2021-02-20,510,なし
CS02645,P003,2021-02-20,380,なし
CS02645,P002,2021-02-20,420,なし
CS02645,P016,2021-02-20,250,クーポンA
CS02645,P004,2021-02-20,380,なし
CS02773,P005,2021-02-20,380,なし
CS02773,P005,2021-02-20,380,なし
CS02773,P019,2021-02-20,450,なし
CS02773,P023,2021-02-20,600,なし
CS01938,P021,2021-02-20,580,なし
CS00044,P022,2021-02-20,570,なし
CS00044,P003,2021-02-20,380,なし
CS00768,P020,2021-02-20,550,なし
CS00049,P019,2021-02-20,450,なし
CS00049,P010,2021-02-20,220,なし
CS02260,P002,2021-02-20,420,なし
CS02260,P006,2021-02-20,360,なし
CS00931,P018,2021-02-20,420,なし
CS00365,P025,2021-02-20,870,なし
CS00365,P018,2021-02-20,399,クーポンB
CS00365,P008,2021-02-20,410,なし
CS00365,P006,2021-02-20,360,なし
CS00365,P006,2021-02-20,360,なし
CS00365,P021,2021-02-20,580,なし
CS00275,P011,2021-02-20,250,なし
CS00275,P020,2021-02-20,550,なし
CS00275,P016,2021-02-20,350,なし
CS00467,P025,2021-02-20,870,なし
CS00467,P001,2021-02-20,390,なし
CS00467,P023,2021-02-20,500,クーポンA
CS00638,P006,2021-02-20,360,なし
CS00638,P002,2021-02-20,420,なし
CS00638,P006,2021-02-20,360,なし
CS00638,P017,2021-02-20,380,なし
CS01051,P017,2021-02-20,380,なし
CS01051,P000,2021-02-20,580,なし
CS02181,P020,2021-02-20,550,なし
CS02181,P011,2021-02-20,250,なし
CS02181,P024,2021-02-20,630,なし
CS02181,P024,2021-02-20,630,なし
CS02824,P006,2021-02-21,360,なし
CS02435,P007,2021-02-21,400,なし
CS01990,P023,2021-02-21,600,なし
CS01990,P012,2021-02-21,520,なし
CS01990,P002,2021-02-21,420,なし
CS01990,P006,2021-02-21,360,なし
CS01990,P016,2021-02-21,350,なし
CS01990,P019,2021-02-21,450,なし
CS01990,P010,2021-02-21,220,なし
CS01990,P023,2021-02-21,600,なし
CS01990,P001,2021-02-21,390,なし
CS01990,P005,2021-02-21,380,なし
CS01990,P012,2021-02-21,520,なし
CS01990,P000,2021-02-21,580,なし
CS01990,P024,2021-02-21,630,なし
CS01990,P003,2021-02-21,380,なし
CS01990,P023,2021-02-21,600,なし
CS01990,P004,2021-02-21,380,なし
CS01990,P021,2021-02-21,580,なし
CS01990,P000,2021-02-21,580,なし
CS00122,P024,2021-02-21,630,なし
CS00122,P005,2021-02-21,380,なし
CS00122,P003,2021-02-21,380,なし
CS01797,P021,2021-02-21,580,なし
CS00331,P008,2021-02-21,410,なし
CS00331,P018,2021-02-21,420,なし
CS00331,P010,2021-02-21,220,なし
CS00331,P023,2021-02-21,600,なし
CS01855,P000,2021-02-21,580,なし
CS01855,P023,2021-02-21,600,なし
CS01855,P014,2021-02-21,510,なし
CS01855,P020,2021-02-21,450,クーポンA
CS01855,P025,2021-02-21,870,なし
CS00766,P010,2021-02-21,220,なし
CS00766,P009,2021-02-21,290,なし
CS00509,P012,2021-02-21,520,なし
CS00509,P020,2021-02-21,550,なし
CS00509,P013,2021-02-21,550,なし
CS00509,P018,2021-02-21,420,なし
CS00509,P013,2021-02-21,550,なし
CS00509,P021,2021-02-21,580,なし
CS00509,P015,2021-02-21,510,なし
CS00509,P009,2021-02-21,290,なし
CS01613,P000,2021-02-21,580,なし
CS01613,P018,2021-02-21,420,なし
CS01613,P004,2021-02-21,380,なし
CS01613,P015,2021-02-21,510,なし
CS01613,P000,2021-02-21,580,なし
CS00233,P023,2021-02-21,600,なし
CS00480,P023,2021-02-21,600,なし
CS00480,P018,2021-02-21,420,なし
CS00480,P011,2021-02-21,250,なし
CS01883,P019,2021-02-21,450,なし
CS01883,P021,2021-02-21,580,なし
CS02488,P006,2021-02-21,360,なし
CS00716,P019,2021-02-21,450,なし
CS00724,P014,2021-02-22,510,なし
CS02387,P019,2021-02-22,450,なし
CS02387,P014,2021-02-22,510,なし
CS02387,P007,2021-02-22,400,なし
CS02387,P018,2021-02-22,399,クーポンB
CS02387,P009,2021-02-22,290,なし
CS02387,P009,2021-02-22,276,クーポンB
CS01142,P017,2021-02-22,380,なし
CS01142,P020,2021-02-22,550,なし
CS01142,P017,2021-02-22,380,なし
CS01142,P021,2021-02-22,551,クーポンB
CS01142,P011,2021-02-22,250,なし
CS01142,P010,2021-02-22,220,なし
CS01142,P025,2021-02-22,870,なし
CS01142,P022,2021-02-22,570,なし
CS01142,P022,2021-02-22,570,なし
CS01142,P002,2021-02-22,420,なし
CS01142,P010,2021-02-22,220,なし
CS01142,P006,2021-02-22,360,なし
CS01142,P014,2021-02-22,510,なし
CS01142,P010,2021-02-22,220,なし
CS01142,P007,2021-02-22,400,なし
CS01142,P016,2021-02-22,350,なし
CS01142,P000,2021-02-22,580,なし
CS01142,P011,2021-02-22,250,なし
CS01142,P023,2021-02-22,500,クーポンA
CS01142,P011,2021-02-22,250,なし
CS01142,P021,2021-02-22,580,なし
CS01142,P000,2021-02-22,580,なし
CS01142,P010,2021-02-22,209,クーポンB
CS01142,P013,2021-02-22,550,なし
CS01142,P021,2021-02-22,480,クーポンA
CS01142,P015,2021-02-22,510,なし
CS01142,P019,2021-02-22,450,なし
CS01142,P022,2021-02-22,570,なし
CS01142,P023,2021-02-22,600,なし
CS01142,P004,2021-02-22,380,なし
CS01549,P015,2021-02-22,510,なし
CS01549,P021,2021-02-22,580,なし
CS02724,P009,2021-02-22,290,なし
CS02724,P002,2021-02-22,420,なし
CS02724,P015,2021-02-22,510,なし
CS02325,P013,2021-02-22,550,なし
CS00416,P007,2021-02-22,400,なし
CS00416,P000,2021-02-22,580,なし
CS00416,P006,2021-02-22,360,なし
CS00416,P002,2021-02-22,420,なし
CS02561,P010,2021-02-22,220,なし
CS02257,P004,2021-02-22,380,なし
CS01304,P008,2021-02-23,410,なし
CS02528,P005,2021-02-23,380,なし
CS00008,P024,2021-02-23,630,なし
CS00008,P025,2021-02-23,870,なし
CS00008,P018,2021-02-23,420,なし
CS02042,P012,2021-02-23,520,なし
CS02042,P015,2021-02-23,510,なし
CS02042,P021,2021-02-23,580,なし
CS02042,P008,2021-02-23,410,なし
CS02042,P022,2021-02-23,470,クーポンA
CS02042,P015,2021-02-23,485,クーポンB
CS02042,P000,2021-02-23,580,なし
CS02042,P009,2021-02-23,290,なし
CS02067,P013,2021-02-23,550,なし
CS02067,P023,2021-02-23,600,なし
CS02437,P011,2021-02-23,150,クーポンA
CS02437,P006,2021-02-23,360,なし
CS02437,P003,2021-02-23,380,なし
CS01651,P013,2021-02-24,450,クーポンA
CS01651,P024,2021-02-24,630,なし
CS01651,P002,2021-02-24,420,なし
CS01651,P025,2021-02-24,870,なし
CS01221,P012,2021-02-25,520,なし
CS01221,P014,2021-02-25,510,なし
CS01221,P003,2021-02-25,380,なし
CS01221,P015,2021-02-25,510,なし
CS01221,P007,2021-02-25,400,なし
CS00538,P023,2021-02-25,600,なし
CS00538,P005,2021-02-25,380,なし
CS00538,P024,2021-02-25,599,クーポンB
CS00538,P008,2021-02-25,410,なし
CS00538,P013,2021-02-25,550,なし
CS00613,P010,2021-02-25,220,なし
CS00613,P013,2021-02-25,550,なし
CS00613,P006,2021-02-25,342,クーポンB
CS00613,P023,2021-02-25,600,なし
CS00613,P021,2021-02-25,580,なし
CS00613,P020,2021-02-25,550,なし
CS00613,P015,2021-02-25,510,なし
CS00613,P017,2021-02-25,380,なし
CS00613,P016,2021-02-25,350,なし
CS00613,P006,2021-02-25,360,なし
CS00613,P007,2021-02-25,400,なし
CS00613,P013,2021-02-25,550,なし
CS01406,P023,2021-02-25,600,なし
CS01406,P008,2021-02-25,310,クーポンA
CS01406,P014,2021-02-25,510,なし
CS01406,P009,2021-02-25,276,クーポンB
CS01406,P022,2021-02-25,570,なし
CS01406,P004,2021-02-25,380,なし
CS01406,P018,2021-02-25,420,なし
CS01406,P023,2021-02-25,600,なし
CS01406,P019,2021-02-25,450,なし
CS01406,P006,2021-02-25,360,なし
CS01406,P006,2021-02-25,342,クーポンB
CS01406,P021,2021-02-25,580,なし
CS01406,P009,2021-02-25,290,なし
CS01406,P002,2021-02-25,420,なし
CS02806,P019,2021-02-25,450,なし
CS02806,P007,2021-02-25,380,クーポンB
CS02806,P015,2021-02-25,510,なし
CS02806,P014,2021-02-25,510,なし
CS02806,P022,2021-02-25,570,なし
CS02806,P007,2021-02-25,400,なし
CS02806,P014,2021-02-25,510,なし
CS02302,P005,2021-02-25,380,なし
CS02302,P004,2021-02-25,380,なし
CS02302,P012,2021-02-25,520,なし
CS02302,P005,2021-02-25,380,なし
CS01250,P024,2021-02-25,630,なし
CS02381,P025,2021-02-25,870,なし
CS01808,P003,2021-02-25,380,なし
CS01808,P017,2021-02-25,380,なし
CS01808,P002,2021-02-25,320,クーポンA
CS00404,P013,2021-02-25,550,なし
CS00404,P021,2021-02-25,580,なし
CS02842,P007,2021-02-25,400,なし
CS02842,P005,2021-02-25,380,なし
CS02157,P005,2021-02-25,380,なし
CS02157,P021,2021-02-25,580,なし
CS02157,P007,2021-02-25,400,なし
CS02157,P010,2021-02-25,220,なし
CS02157,P013,2021-02-25,550,なし
CS01994,P012,2021-02-25,520,なし
CS01994,P022,2021-02-25,570,なし
CS01893,P010,2021-02-25,220,なし
CS00162,P003,2021-02-26,380,なし
CS00162,P013,2021-02-26,450,クーポンA
CS00162,P006,2021-02-26,360,なし
CS00162,P002,2021-02-26,420,なし
CS01633,P003,2021-02-26,380,なし
CS01633,P017,2021-02-26,380,なし
CS01633,P021,2021-02-26,580,なし
CS01633,P016,2021-02-26,350,なし
CS01633,P010,2021-02-26,220,なし
CS01633,P022,2021-02-26,542,クーポンB
CS01633,P008,2021-02-26,410,なし
CS01633,P018,2021-02-26,420,なし
CS01633,P021,2021-02-26,580,なし
CS01633,P003,2021-02-26,380,なし
CS01633,P002,2021-02-26,420,なし
CS01633,P018,2021-02-26,420,なし
CS01633,P009,2021-02-26,190,クーポンA
CS01633,P000,2021-02-26,580,なし
CS01633,P004,2021-02-26,380,なし
CS01633,P019,2021-02-26,428,クーポンB
CS01633,P013,2021-02-26,550,なし
CS01980,P023,2021-02-26,500,クーポンA
CS01980,P020,2021-02-26,523,クーポンB
CS01980,P005,2021-02-26,380,なし
CS01980,P025,2021-02-26,870,なし
CS00974,P008,2021-02-26,410,なし
CS00974,P005,2021-02-26,380,なし
CS00974,P009,2021-02-26,290,なし
CS00974,P006,2021-02-26,360,なし
CS00823,P016,2021-02-26,350,なし
CS00823,P003,2021-02-26,380,なし
CS00823,P024,2021-02-26,630,なし
CS00823,P003,2021-02-26,380,なし
CS00823,P002,2021-02-26,420,なし
CS00823,P019,2021-02-26,350,クーポンA
CS00823,P017,2021-02-26,361,クーポンB
CS00823,P009,2021-02-26,190,クーポンA
CS01140,P002,2021-02-26,420,なし
CS01140,P024,2021-02-26,630,なし
CS02523,P023,2021-02-26,600,なし
CS02523,P002,2021-02-26,420,なし
CS01691,P012,2021-02-26,420,クーポンA
CS01919,P001,2021-02-26,390,なし
CS01919,P004,2021-02-26,380,なし
CS01919,P009,2021-02-26,276,クーポンB
CS01919,P012,2021-02-26,520,なし
CS02561,P016,2021-02-26,350,なし
CS02561,P019,2021-02-26,450,なし
CS01988,P024,2021-02-26,599,クーポンB
CS01988,P006,2021-02-26,360,なし
CS02181,P022,2021-02-26,570,なし
CS02188,P015,2021-02-26,510,なし
CS02188,P004,2021-02-26,380,なし
CS02188,P003,2021-02-26,380,なし
CS02188,P022,2021-02-26,570,なし
CS02188,P002,2021-02-26,420,なし
CS02188,P014,2021-02-26,510,なし
CS02188,P008,2021-02-26,410,なし
CS02188,P019,2021-02-26,350,クーポンA
CS02188,P001,2021-02-26,390,なし
CS01822,P004,2021-02-26,380,なし
CS01822,P011,2021-02-26,250,なし
CS01822,P015,2021-02-26,485,クーポンB
CS01822,P002,2021-02-26,420,なし
CS01808,P014,2021-02-27,510,なし
CS01808,P013,2021-02-27,550,なし
CS02102,P004,2021-02-27,380,なし
CS02102,P020,2021-02-27,550,なし
CS02260,P002,2021-02-27,420,なし
CS02028,P004,2021-02-27,380,なし
CS02028,P013,2021-02-27,550,なし
CS02415,P004,2021-02-27,380,なし
CS01051,P018,2021-02-27,420,なし
CS01051,P006,2021-02-27,360,なし
CS01051,P009,2021-02-27,190,クーポンA
CS01051,P013,2021-02-27,550,なし
CS01051,P011,2021-02-27,250,なし
CS01051,P020,2021-02-27,550,なし
CS01051,P004,2021-02-27,380,なし
CS01051,P015,2021-02-27,510,なし
CS01051,P007,2021-02-27,400,なし
CS01051,P010,2021-02-27,220,なし
CS00356,P022,2021-02-27,570,なし
CS00356,P015,2021-02-27,510,なし
CS00356,P010,2021-02-27,220,なし
CS00356,P021,2021-02-27,580,なし
CS01155,P018,2021-02-27,420,なし
CS01155,P010,2021-02-27,220,なし
CS01155,P023,2021-02-27,600,なし
CS01155,P011,2021-02-27,250,なし
CS01155,P018,2021-02-27,399,クーポンB
CS01155,P017,2021-02-27,380,なし
CS01155,P018,2021-02-27,420,なし
CS01812,P008,2021-02-27,410,なし
CS00443,P006,2021-02-27,360,なし
CS01160,P014,2021-02-27,510,なし
CS01160,P021,2021-02-27,580,なし
CS01160,P019,2021-02-27,450,なし
CS01160,P008,2021-02-27,410,なし
CS01160,P025,2021-02-27,870,なし
CS01160,P004,2021-02-27,380,なし
CS01160,P009,2021-02-27,290,なし
CS01160,P017,2021-02-27,380,なし
CS01001,P013,2021-02-27,550,なし
CS01001,P000,2021-02-27,580,なし
CS01001,P015,2021-02-27,510,なし
CS01001,P010,2021-02-27,120,クーポンA
CS01001,P021,2021-02-27,580,なし
CS01001,P004,2021-02-27,380,なし
CS01001,P025,2021-02-27,870,なし
CS01001,P013,2021-02-27,523,クーポンB
CS01001,P007,2021-02-27,400,なし
CS01001,P001,2021-02-27,390,なし
CS01001,P007,2021-02-27,400,なし
CS01001,P021,2021-02-27,580,なし
CS00492,P010,2021-02-27,220,なし
CS00492,P002,2021-02-27,420,なし
CS00492,P022,2021-02-27,470,クーポンA
CS00492,P022,2021-02-27,570,なし
CS00492,P006,2021-02-27,260,クーポンA
CS00492,P009,2021-02-27,290,なし
CS00492,P002,2021-02-27,420,なし
CS00492,P018,2021-02-27,399,クーポンB
CS00492,P006,2021-02-27,360,なし
CS00492,P021,2021-02-27,580,なし
CS00492,P005,2021-02-27,380,なし
CS00492,P025,2021-02-27,870,なし
CS00492,P015,2021-02-27,510,なし
CS00492,P008,2021-02-27,410,なし
CS00492,P003,2021-02-27,280,クーポンA
CS01033,P020,2021-02-27,550,なし
CS01033,P009,2021-02-27,290,なし
CS02816,P014,2021-02-28,510,なし
CS02816,P022,2021-02-28,570,なし
CS02816,P005,2021-02-28,380,なし
CS02816,P018,2021-02-28,420,なし
CS02816,P016,2021-02-28,350,なし
CS02816,P014,2021-02-28,510,なし
CS02816,P017,2021-02-28,380,なし
CS02816,P020,2021-02-28,550,なし
CS02816,P008,2021-02-28,410,なし
CS02816,P019,2021-02-28,450,なし
CS02816,P021,2021-02-28,580,なし
CS02816,P015,2021-02-28,510,なし
CS02816,P007,2021-02-28,300,クーポンA
CS02816,P017,2021-02-28,380,なし
CS02816,P003,2021-02-28,380,なし
CS02301,P012,2021-02-28,520,なし
CS02301,P021,2021-02-28,580,なし
CS02301,P002,2021-02-28,420,なし
CS02301,P005,2021-02-28,280,クーポンA
CS01044,P008,2021-02-28,410,なし
CS01044,P005,2021-02-28,380,なし
CS01044,P006,2021-02-28,342,クーポンB
CS01044,P002,2021-02-28,420,なし
CS01044,P006,2021-02-28,360,なし
CS01044,P022,2021-02-28,570,なし
CS01044,P018,2021-02-28,399,クーポンB
CS01044,P007,2021-02-28,400,なし
CS01044,P020,2021-02-28,550,なし
CS01044,P021,2021-02-28,580,なし
CS01044,P014,2021-02-28,510,なし
CS01044,P013,2021-02-28,550,なし
CS01044,P003,2021-02-28,380,なし
CS01044,P003,2021-02-28,380,なし
CS01044,P012,2021-02-28,520,なし
CS01044,P022,2021-02-28,570,なし
CS01044,P019,2021-02-28,450,なし
CS01044,P013,2021-02-28,550,なし
CS01044,P021,2021-02-28,580,なし
CS01044,P013,2021-02-28,550,なし
CS01044,P017,2021-02-28,380,なし
CS01044,P008,2021-02-28,410,なし
CS01044,P024,2021-02-28,630,なし
CS02486,P012,2021-02-28,520,なし
CS02486,P020,2021-02-28,550,なし
CS01498,P016,2021-02-28,350,なし
CS01498,P024,2021-02-28,630,なし
CS01498,P022,2021-02-28,570,なし
CS01498,P017,2021-02-28,380,なし
CS01498,P010,2021-02-28,220,なし
CS01498,P024,2021-02-28,630,なし
CS01498,P008,2021-02-28,410,なし
CS01498,P016,2021-02-28,350,なし
CS01498,P010,2021-02-28,120,クーポンA
CS01498,P019,2021-02-28,450,なし
CS01498,P018,2021-02-28,420,なし
CS01498,P002,2021-02-28,420,なし
CS01498,P004,2021-02-28,380,なし
CS01498,P017,2021-02-28,380,なし
CS01498,P012,2021-02-28,420,クーポンA
CS01498,P010,2021-02-28,220,なし
CS01498,P009,2021-02-28,290,なし
CS01498,P022,2021-02-28,570,なし
CS01498,P000,2021-02-28,580,なし
CS01498,P018,2021-02-28,420,なし
CS01498,P012,2021-02-28,520,なし
CS01498,P013,2021-02-28,550,なし
CS01498,P010,2021-02-28,220,なし
CS01498,P018,2021-02-28,420,なし
CS01498,P018,2021-02-28,420,なし
CS01498,P016,2021-02-28,350,なし
CS01498,P004,2021-02-28,380,なし
CS01498,P006,2021-02-28,360,なし
CS01498,P019,2021-02-28,450,なし
CS01498,P014,2021-02-28,510,なし
CS01498,P017,2021-02-28,380,なし
CS01498,P004,2021-02-28,380,なし
CS00907,P012,2021-02-28,520,なし
CS00907,P023,2021-02-28,500,クーポンA
CS00907,P024,2021-02-28,630,なし
CS00907,P002,2021-02-28,420,なし
CS00907,P004,2021-02-28,380,なし
CS00907,P009,2021-02-28,290,なし
CS00907,P007,2021-02-28,400,なし
